State,State_Short,Year,Total,Number,Percent
Alabama,AL,2016,4821,782,16.2
Alaska,AK,2016,708,89,12.6
Arizona,AZ,2016,6878,1108,16.1
Arkansas,AR,2016,2941,471,16
California,CA,2016,39143,5435,13.9
Colorado,CO,2016,5502,467,8.5
Connecticut,CT,2016,3567,351,9.8
Delaware,DE,2016,947,110,11.6
District of Columbia,DC,2016,685,112,16.3
Florida,FL,2016,20524,2659,13
Georgia,GA,2016,10270,1580,15.4
Hawaii,HI,2016,1392,129,9.3
Idaho,ID,2016,1679,187,11.1
Illinois,IL,2016,12583,1517,12.1
Indiana,IN,2016,6493,768,11.8
Iowa,IA,2016,3099,302,9.8
Kansas,KS,2016,2859,321,11.2
Kentucky,KY,2016,4383,667,15.2
Louisiana,LA,2016,4573,923,20.2
Maine,ME,2016,1317,167,12.7
Maryland,MD,2016,5930,424,7.1
Massachusetts,MA,2016,6775,649,9.6
Michigan,MI,2016,9875,1091,11.1
Minnesota,MN,2016,5430,470,8.7
Mississippi,MS,2016,2943,622,21.1
Missouri,MO,2016,5878,762,13
Montana,MT,2016,1031,121,11.7
Nebraska,NE,2016,1870,179,9.6
Nevada,NV,2016,2941,298,10.1
New Hampshire,NH,2016,1316,84,6.4
New Jersey,NJ,2016,8836,828,9.4
New Mexico,NM,2016,2043,364,17.8
New York,NY,2016,19459,2314,11.9
North Carolina,NC,2016,10056,1363,13.6
North Dakota,ND,2016,749,83,11.1
Ohio,OH,2016,11442,1573,13.7
Oklahoma,OK,2016,3911,571,14.6
Oregon,OR,2016,4124,486,11.8
Pennsylvania,PA,2016,12526,1396,11.1
Rhode Island,RI,2016,1052,119,11.4
South Carolina,SC,2016,4898,690,14.1
South Dakota,SD,2016,855,124,14.5
Tennessee,TN,2016,6652,988,14.9
Texas,TX,2016,27662,3812,13.8
Utah,UT,2016,3077,264,8.6
Vermont,VT,2016,622,60,9.6
Virginia,VA,2016,8163,929,11.4
Washington,WA,2016,7289,800,11
West Virginia,WV,2016,1808,326,18
Wisconsin,WI,2016,5764,620,10.7
Wyoming,WY,2016,571,62,10.9
Alabama,AL,2015,4820,784,16.3
Alaska,AK,2015,703,65,9.2
Arizona,AZ,2015,6728,1156,17.2
Arkansas,AR,2015,2951,475,16.1
California,CA,2015,39081,5441,13.9
Colorado,CO,2015,5420,538,9.9
Connecticut,CT,2015,3572,324,9.1
Delaware,DE,2015,958,106,11.1
District of Columbia,DC,2015,676,113,16.6
Florida,FL,2015,20071,3253,16.2
Georgia,GA,2015,10100,1833,18.1
Hawaii,HI,2015,1382,151,10.9
Idaho,ID,2015,1657,204,12.3
Illinois,IL,2015,12683,1380,10.9
Indiana,IN,2015,6502,880,13.5
Iowa,IA,2015,3100,321,10.4
Kansas,KS,2015,2849,404,14.2
Kentucky,KY,2015,4365,851,19.5
Louisiana,LA,2015,4599,854,18.6
Maine,ME,2015,1340,165,12.3
Maryland,MD,2015,5892,566,9.6
Massachusetts,MA,2015,6777,782,11.5
Michigan,MI,2015,9852,1259,12.8
Minnesota,MN,2015,5458,428,7.8
Mississippi,MS,2015,2947,563,19.1
Missouri,MO,2015,5946,582,9.8
Montana,MT,2015,1018,121,11.9
Nebraska,NE,2015,1858,192,10.3
Nevada,NV,2015,2864,371,13
New Hampshire,NH,2015,1293,94,7.3
New Jersey,NJ,2015,8936,1004,11.2
New Mexico,NM,2015,2036,400,19.7
New York,NY,2015,19645,2791,14.2
North Carolina,NC,2015,9887,1509,15.3
North Dakota,ND,2015,763,82,10.7
Ohio,OH,2015,11435,1550,13.6
Oklahoma,OK,2015,3887,551,14.2
Oregon,OR,2015,4029,478,11.9
Pennsylvania,PA,2015,12564,1542,12.3
Rhode Island,RI,2015,1044,123,11.8
South Carolina,SC,2015,4790,683,14.3
South Dakota,SD,2015,848,118,13.9
Tennessee,TN,2015,6605,973,14.7
Texas,TX,2015,27396,4036,14.7
Utah,UT,2015,3004,279,9.3
Vermont,VT,2015,609,65,10.7
Virginia,VA,2015,8216,894,10.9
Washington,WA,2015,7193,819,11.4
West Virginia,WV,2015,1795,261,14.5
Wisconsin,WI,2015,5736,654,11.4
Wyoming,WY,2015,574,56,9.8
Alabama,AL,2014,4765,848,17.8
Alaska,AK,2014,694,82,11.9
Arizona,AZ,2014,6657,1409,21.2
Arkansas,AR,2014,2891,532,18.4
California,CA,2014,38666,6112,15.8
Colorado,CO,2014,5376,661,12.3
Connecticut,CT,2014,3577,308,8.6
Delaware,DE,2014,929,103,11
District of Columbia,DC,2014,657,125,19
Florida,FL,2014,19694,3282,16.7
Georgia,GA,2014,9948,1676,16.8
Hawaii,HI,2014,1365,147,10.8
Idaho,ID,2014,1606,199,12.4
Illinois,IL,2014,12774,1756,13.7
Indiana,IN,2014,6470,948,14.6
Iowa,IA,2014,3078,317,10.3
Kansas,KS,2014,2851,345,12.1
Kentucky,KY,2014,4299,861,20
Louisiana,LA,2014,4550,1049,23.1
Maine,ME,2014,1300,190,14.6
Maryland,MD,2014,5934,584,9.8
Massachusetts,MA,2014,6653,902,13.6
Michigan,MI,2014,9893,1462,14.8
Minnesota,MN,2014,5417,447,8.3
Mississippi,MS,2014,2961,654,22.1
Missouri,MO,2014,5950,620,10.4
Montana,MT,2014,1008,121,12
Nebraska,NE,2014,1873,221,11.8
Nevada,NV,2014,2819,478,17
New Hampshire,NH,2014,1318,95,7.2
New Jersey,NJ,2014,8938,1013,11.3
New Mexico,NM,2014,2030,406,20
New York,NY,2014,19658,2755,14
North Carolina,NC,2014,9823,1678,17.1
North Dakota,ND,2014,731,71,9.7
Ohio,OH,2014,11505,1792,15.6
Oklahoma,OK,2014,3728,647,17.3
Oregon,OR,2014,3955,570,14.4
Pennsylvania,PA,2014,12620,1581,12.5
Rhode Island,RI,2014,1046,119,11.3
South Carolina,SC,2014,4764,788,16.5
South Dakota,SD,2014,846,109,12.8
Tennessee,TN,2014,6496,1122,17.3
Texas,TX,2014,26676,4364,16.4
Utah,UT,2014,2928,298,10.2
Vermont,VT,2014,615,57,9.3
Virginia,VA,2014,8257,842,10.2
Washington,WA,2014,7079,852,12
West Virginia,WV,2014,1822,376,20.6
Wisconsin,WI,2014,5742,628,10.9
Wyoming,WY,2014,572,55,9.7
Alabama,AL,2013,4779,844,17.7
Alaska,AK,2013,696,72,10.3
Arizona,AZ,2013,6589,1254,19
Arkansas,AR,2013,2896,450,15.5
California,CA,2013,38131,5715,15
Colorado,CO,2013,5296,565,10.7
Connecticut,CT,2013,3591,398,11.1
Delaware,DE,2013,910,115,12.6
District of Columbia,DC,2013,649,145,22.3
Florida,FL,2013,19417,2885,14.9
Georgia,GA,2013,9818,1709,17.4
Hawaii,HI,2013,1353,147,10.9
Idaho,ID,2013,1601,203,12.7
Illinois,IL,2013,12717,1708,13.4
Indiana,IN,2013,6478,913,14.1
Iowa,IA,2013,3071,368,12
Kansas,KS,2013,2795,344,12.3
Kentucky,KY,2013,4431,931,21
Louisiana,LA,2013,4519,913,20.2
Maine,ME,2013,1320,156,11.8
Maryland,MD,2013,5940,617,10.4
Massachusetts,MA,2013,6653,801,12
Michigan,MI,2013,9957,1353,13.6
Minnesota,MN,2013,5374,619,11.5
Mississippi,MS,2013,2907,606,20.8
Missouri,MO,2013,5976,933,15.6
Montana,MT,2013,989,124,12.5
Nebraska,NE,2013,1853,199,10.7
Nevada,NV,2013,2767,441,15.9
New Hampshire,NH,2013,1309,95,7.3
New Jersey,NJ,2013,8785,923,10.5
New Mexico,NM,2013,2089,495,23.7
New York,NY,2013,19412,3081,15.9
North Carolina,NC,2013,9646,1606,16.6
North Dakota,ND,2013,714,83,11.6
Ohio,OH,2013,11374,1628,14.3
Oklahoma,OK,2013,3703,652,17.6
Oregon,OR,2013,3952,575,14.5
Pennsylvania,PA,2013,12771,1504,11.8
Rhode Island,RI,2013,1040,119,11.4
South Carolina,SC,2013,4678,825,17.6
South Dakota,SD,2013,830,98,11.8
Tennessee,TN,2013,6363,1071,16.8
Texas,TX,2013,26292,4424,16.8
Utah,UT,2013,2900,298,10.3
Vermont,VT,2013,624,49,7.9
Virginia,VA,2013,8202,830,10.1
Washington,WA,2013,6866,828,12.1
West Virginia,WV,2013,1814,337,18.6
Wisconsin,WI,2013,5620,687,12.2
Wyoming,WY,2013,585,68,11.6
Alabama,AL,2012,4808,777,16.2
Alaska,AK,2012,702,70,10
Arizona,AZ,2012,6642,1260,19
Arkansas,AR,2012,2909,584,20.1
California,CA,2012,37912,6015,15.9
Colorado,CO,2012,5153,613,11.9
Connecticut,CT,2012,3517,363,10.3
Delaware,DE,2012,900,121,13.5
D.C.,DC,2012,632,116,18.4
Florida,FL,2012,19166,2926,15.3
Georgia,GA,2012,9665,1752,18.1
Hawaii,HI,2012,1356,188,13.8
Idaho,ID,2012,1588,229,14.4
Illinois,IL,2012,12727,1608,12.6
Indiana,IN,2012,6343,964,15.2
Iowa,IA,2012,3010,310,10.3
Kansas,KS,2012,2828,397,14
Kentucky,KY,2012,4342,776,17.9
Louisiana,LA,2012,4465,944,21.1
Maine,ME,2012,1330,170,12.8
Maryland,MD,2012,5892,585,9.9
Massachusetts,MA,2012,6566,743,11.3
Michigan,MI,2012,9731,1331,13.7
Minnesota,MN,2012,5353,534,10
Mississippi,MS,2012,2893,636,22
Missouri,MO,2012,5956,905,15.2
Montana,MT,2012,999,134,13.4
Nebraska,NE,2012,1849,226,12.2
Nevada,NV,2012,2735,433,15.8
New Hampshire,NH,2012,1308,106,8.1
New Jersey,NJ,2012,8720,814,9.3
New Mexico,NM,2012,2064,420,20.4
New York,NY,2012,19298,3328,17.2
North Carolina,NC,2012,9634,1652,17.2
North Dakota,ND,2012,692,79,11.4
Ohio,OH,2012,11398,1751,15.4
Oklahoma,OK,2012,3700,668,18
Oregon,OR,2012,3872,523,13.5
Pennsylvania,PA,2012,12664,1756,13.9
Rhode Island,RI,2012,1034,141,13.6
South Carolina,SC,2012,4667,779,16.7
South Dakota,SD,2012,822,106,12.8
Tennessee,TN,2012,6422,1194,18.6
Texas,TX,2012,26063,4444,17
Utah,UT,2012,2849,312,11
Vermont,VT,2012,615,69,11.2
Virginia,VA,2012,7994,850,10.6
Washington,WA,2012,6856,796,11.6
West Virginia,WV,2012,1803,301,16.7
Wisconsin,WI,2012,5628,640,11.4
Wyoming,WY,2012,577,56,9.6
Alabama,AL,2011,4765,732,15.4
Alaska,AK,2011,712,83,11.7
Arizona,AZ,2011,6547,1128,17.2
Arkansas,AR,2011,2909,545,18.7
California,CA,2011,37592,6352,16.9
Colorado,CO,2011,5016,661,13.2
Connecticut,CT,2011,3514,356,10.1
Delaware,DE,2011,902,123,13.7
D.C.,DC,2011,619,123,19.9
Florida,FL,2011,18986,2822,14.9
Georgia,GA,2011,9681,1783,18.4
Hawaii,HI,2011,1337,162,12.1
Idaho,ID,2011,1574,248,15.7
Illinois,IL,2011,12697,1807,14.2
Indiana,IN,2011,6344,989,15.6
Iowa,IA,2011,3027,315,10.4
Kansas,KS,2011,2807,402,14.3
Kentucky,KY,2011,4302,689,16
Louisiana,LA,2011,4494,947,21.1
Maine,ME,2011,1328,178,13.4
Maryland,MD,2011,5806,537,9.3
Massachusetts,MA,2011,6514,688,10.6
Michigan,MI,2011,9689,1449,15
Minnesota,MN,2011,5276,528,10
Mississippi,MS,2011,2932,510,17.4
Missouri,MO,2011,5892,910,15.4
Montana,MT,2011,986,163,16.5
Nebraska,NE,2011,1823,187,10.2
Nevada,NV,2011,2682,414,15.5
New Hampshire,NH,2011,1300,99,7.6
New Jersey,NJ,2011,8642,988,11.4
New Mexico,NM,2011,2037,451,22.2
New York,NY,2011,19329,3085,16
North Carolina,NC,2011,9504,1459,15.4
North Dakota,ND,2011,675,67,9.9
Ohio,OH,2011,11309,1708,15.1
Oklahoma,OK,2011,3763,522,13.9
Oregon,OR,2011,3850,553,14.4
Pennsylvania,PA,2011,12697,1604,12.6
Rhode Island,RI,2011,1038,139,13.4
South Carolina,SC,2011,4605,874,19
South Dakota,SD,2011,808,117,14.5
Tennessee,TN,2011,6324,1030,16.3
Texas,TX,2011,25554,4458,17.4
Utah,UT,2011,2812,309,11
Vermont,VT,2011,615,71,11.6
Virginia,VA,2011,7971,907,11.4
Washington,WA,2011,6812,854,12.5
West Virginia,WV,2011,1820,318,17.5
Wisconsin,WI,2011,5676,743,13.1
Wyoming,WY,2011,562,60,10.7
Alabama,AL,2010,4717,812,17.2
Alaska,AK,2010,695,87,12.5
Arizona,AZ,2010,6426,1208,18.8
Arkansas,AR,2010,2879,440,15.3
California,CA,2010,37240,6073,16.3
Colorado,CO,2010,4995,615,12.3
Connecticut,CT,2010,3541,303,8.6
Delaware,DE,2010,890,109,12.2
D.C.,DC,2010,604,118,19.5
Florida,FL,2010,18759,3006,16
Georgia,GA,2010,9650,1814,18.8
Hawaii,HI,2010,1311,162,12.4
Idaho,ID,2010,1543,213,13.8
Illinois,IL,2010,12784,1798,14.1
Indiana,IN,2010,6390,1041,16.3
Iowa,IA,2010,2977,307,10.3
Kansas,KS,2010,2766,400,14.5
Kentucky,KY,2010,4270,754,17.7
Louisiana,LA,2010,4418,949,21.5
Maine,ME,2010,1298,164,12.6
Maryland,MD,2010,5786,628,10.9
Massachusetts,MA,2010,6532,711,10.9
Michigan,MI,2010,9751,1530,15.7
Minnesota,MN,2010,5217,563,10.8
Mississippi,MS,2010,2920,658,22.5
Missouri,MO,2010,5929,890,15
Montana,MT,2010,979,142,14.5
Nebraska,NE,2010,1804,184,10.2
Nevada,NV,2010,2696,446,16.6
New Hampshire,NH,2010,1294,84,6.5
New Jersey,NJ,2010,8733,966,11.1
New Mexico,NM,2010,2033,372,18.3
New York,NY,2010,19116,3062,16
North Carolina,NC,2010,9359,1633,17.4
North Dakota,ND,2010,653,82,12.6
Ohio,OH,2010,11341,1746,15.4
Oklahoma,OK,2010,3697,603,16.3
Oregon,OR,2010,3752,537,14.3
Pennsylvania,PA,2010,12530,1535,12.2
Rhode Island,RI,2010,1042,146,14
South Carolina,SC,2010,4563,773,16.9
South Dakota,SD,2010,799,109,13.6
Tennessee,TN,2010,6315,1052,16.7
Texas,TX,2010,25200,4633,18.4
Utah,UT,2010,2768,278,10
Vermont,VT,2010,624,67,10.8
Virginia,VA,2010,7837,835,10.7
Washington,WA,2010,6713,779,11.6
West Virginia,WV,2010,1816,306,16.8
Wisconsin,WI,2010,5626,567,10.1
Wyoming,WY,2010,550,53,9.6
Alabama,AL,2009,4655,770,16.6
Alaska,AK,2009,688,81,11.7
Arizona,AZ,2009,6508,1381,21.2
Arkansas,AR,2009,2846,538,18.9
California,CA,2009,36742,5638,15.3
Colorado,CO,2009,4969,613,12.3
Connecticut,CT,2009,3472,292,8.4
Delaware,DE,2009,883,109,12.3
D.C.,DC,2009,595,107,17.9
Florida,FL,2009,18385,2676,14.6
Georgia,GA,2009,9657,1775,18.4
Hawaii,HI,2009,1250,156,12.5
Idaho,ID,2009,1524,209,13.7
Illinois,IL,2009,12759,1690,13.2
Indiana,IN,2009,6342,1023,16.1
Iowa,IA,2009,2987,319,10.7
Kansas,KS,2009,2737,374,13.7
Kentucky,KY,2009,4276,727,17
Louisiana,LA,2009,4450,636,14.3
Maine,ME,2009,1297,148,11.4
Maryland,MD,2009,5662,543,9.6
Massachusetts,MA,2009,6623,717,10.8
Michigan,MI,2009,9797,1376,14
Minnesota,MN,2009,5200,576,11.1
Mississippi,MS,2009,2847,658,23.1
Missouri,MO,2009,5963,926,15.5
Montana,MT,2009,971,131,13.5
Nebraska,NE,2009,1778,176,9.9
Nevada,NV,2009,2629,343,13
New Hampshire,NH,2009,1313,103,7.8
New Jersey,NJ,2009,8660,806,9.3
New Mexico,NM,2009,1971,381,19.3
New York,NY,2009,19158,3018,15.8
North Carolina,NC,2009,9336,1576,16.9
North Dakota,ND,2009,632,69,10.9
Ohio,OH,2009,11441,1526,13.3
Oklahoma,OK,2009,3632,468,12.9
Oregon,OR,2009,3821,510,13.4
Pennsylvania,PA,2009,12401,1376,11.1
Rhode Island,RI,2009,1030,134,13
South Carolina,SC,2009,4501,618,13.7
South Dakota,SD,2009,799,113,14.1
Tennessee,TN,2009,6240,1031,16.5
Texas,TX,2009,24632,4262,17.3
Utah,UT,2009,2794,270,9.7
Vermont,VT,2009,617,58,9.4
Virginia,VA,2009,7767,831,10.7
Washington,WA,2009,6697,781,11.7
West Virginia,WV,2009,1801,285,15.8
Wisconsin,WI,2009,5545,599,10.8
Wyoming,WY,2009,540,50,9.2
Alabama,AL,2008,4716,675,14.3
Alaska,AK,2008,672,55,8.2
Arizona,AZ,2008,6529,1172,18
Arkansas,AR,2008,2822,431,15.3
California,CA,2008,36637,5344,14.6
Colorado,CO,2008,4908,541,11
Connecticut,CT,2008,3433,276,8.1
Delaware,DE,2008,861,82,9.6
D.C.,DC,2008,590,98,16.5
Florida,FL,2008,18022,2370,13.1
Georgia,GA,2008,9541,1477,15.5
Hawaii,HI,2008,1255,125,9.9
Idaho,ID,2008,1515,185,12.2
Illinois,IL,2008,12687,1564,12.3
Indiana,IN,2008,6288,901,14.3
Iowa,IA,2008,2986,285,9.5
Kansas,KS,2008,2716,346,12.7
Kentucky,KY,2008,4246,724,17.1
Louisiana,LA,2008,4326,788,18.2
Maine,ME,2008,1317,158,12
Maryland,MD,2008,5528,481,8.7
Massachusetts,MA,2008,6420,727,11.3
Michigan,MI,2008,9806,1273,13
Minnesota,MN,2008,5120,506,9.9
Mississippi,MS,2008,2900,525,18.1
Missouri,MO,2008,5861,780,13.3
Montana,MT,2008,973,125,12.9
Nebraska,NE,2008,1774,188,10.6
Nevada,NV,2008,2581,278,10.8
New Hampshire,NH,2008,1300,91,7
New Jersey,NJ,2008,8515,787,9.2
New Mexico,NM,2008,1977,381,19.3
New York,NY,2008,19309,2734,14.2
North Carolina,NC,2008,9234,1285,13.9
North Dakota,ND,2008,625,74,11.8
Ohio,OH,2008,11386,1557,13.7
Oklahoma,OK,2008,3550,484,13.6
Oregon,OR,2008,3806,403,10.6
Pennsylvania,PA,2008,12178,1335,11
Rhode Island,RI,2008,1042,132,12.7
South Carolina,SC,2008,4462,624,14
South Dakota,SD,2008,794,104,13.1
Tennessee,TN,2008,6163,924,15
Texas,TX,2008,24174,3834,15.9
Utah,UT,2008,2754,209,7.6
Vermont,VT,2008,610,55,9
Virginia,VA,2008,7735,799,10.3
Washington,WA,2008,6526,680,10.4
West Virginia,WV,2008,1796,260,14.5
Wisconsin,WI,2008,5548,544,9.8
Wyoming,WY,2008,529,54,10.1
Alabama,AL,2007,4566,662,14.5
Alaska,AK,2007,675,51,7.6
Arizona,AZ,2007,6365,912,14.3
Arkansas,AR,2007,2803,387,13.8
California,CA,2007,36247,4589,12.7
Colorado,CO,2007,4872,478,9.8
Connecticut,CT,2007,3471,309,8.9
Delaware,DE,2007,861,80,9.3
D.C.,DC,2007,580,104,18
Florida,FL,2007,18044,2250,12.5
Georgia,GA,2007,9486,1294,13.6
Hawaii,HI,2007,1264,94,7.5
Idaho,ID,2007,1501,149,9.9
Illinois,IL,2007,12680,1262,10
Indiana,IN,2007,6258,740,11.8
Iowa,IA,2007,2965,264,8.9
Kansas,KS,2007,2720,319,11.7
Kentucky,KY,2007,4202,653,15.5
Louisiana,LA,2007,4186,673,16.1
Maine,ME,2007,1312,142,10.9
Maryland,MD,2007,5560,491,8.8
Massachusetts,MA,2007,6336,707,11.2
Michigan,MI,2007,9919,1076,10.8
Minnesota,MN,2007,5188,482,9.3
Mississippi,MS,2007,2895,655,22.6
Missouri,MO,2007,5783,742,12.8
Montana,MT,2007,938,122,13
Nebraska,NE,2007,1751,174,9.9
Nevada,NV,2007,2566,250,9.7
New Hampshire,NH,2007,1312,76,5.8
New Jersey,NJ,2007,8548,742,8.7
New Mexico,NM,2007,1941,271,14
New York,NY,2007,19021,2757,14.5
North Carolina,NC,2007,9170,1423,15.5
North Dakota,ND,2007,614,57,9.3
Ohio,OH,2007,11280,1446,12.8
Oklahoma,OK,2007,3551,476,13.4
Oregon,OR,2007,3761,481,12.8
Pennsylvania,PA,2007,12297,1273,10.4
Rhode Island,RI,2007,1042,99,9.5
South Carolina,SC,2007,4380,617,14.1
South Dakota,SD,2007,787,74,9.4
Tennessee,TN,2007,6137,906,14.8
Texas,TX,2007,23653,3903,16.5
Utah,UT,2007,2651,255,9.6
Vermont,VT,2007,613,61,9.9
Virginia,VA,2007,7678,664,8.6
Washington,WA,2007,6503,661,10.2
West Virginia,WV,2007,1793,265,14.8
Wisconsin,WI,2007,5458,601,11
Wyoming,WY,2007,518,56,10.9
Alabama,AL,2006,4532,650,14.3
Alaska,AK,2006,658,58,8.9
Arizona,AZ,2006,6256,902,14.4
Arkansas,AR,2006,2748,487,17.7
California,CA,2006,36160,4427,12.2
Colorado,CO,2006,4797,466,9.7
Connecticut,CT,2006,3457,275,8
Delaware,DE,2006,858,80,9.3
D.C.,DC,2006,569,104,18.3
Florida,FL,2006,18029,2068,11.5
Georgia,GA,2006,9334,1172,12.6
Hawaii,HI,2006,1254,116,9.2
Idaho,ID,2006,1472,141,9.5
Illinois,IL,2006,12633,1338,10.6
Indiana,IN,2006,6334,674,10.6
Iowa,IA,2006,2913,301,10.3
Kansas,KS,2006,2719,349,12.8
Kentucky,KY,2006,4106,690,16.8
Louisiana,LA,2006,4206,713,17
Maine,ME,2006,1313,134,10.2
Maryland,MD,2006,5607,469,8.4
Massachusetts,MA,2006,6324,758,12
Michigan,MI,2006,9953,1323,13.3
Minnesota,MN,2006,5145,422,8.2
Mississippi,MS,2006,2887,596,20.6
Missouri,MO,2006,5797,659,11.4
Montana,MT,2006,930,125,13.5
Nebraska,NE,2006,1765,180,10.2
Nevada,NV,2006,2530,241,9.5
New Hampshire,NH,2006,1308,71,5.4
New Jersey,NJ,2006,8650,762,8.8
New Mexico,NM,2006,1939,328,16.9
New York,NY,2006,19021,2668,14
North Carolina,NC,2006,8847,1225,13.8
North Dakota,ND,2006,615,70,11.4
Ohio,OH,2006,11297,1371,12.1
Oklahoma,OK,2006,3489,531,15.2
Oregon,OR,2006,3705,439,11.8
Pennsylvania,PA,2006,12326,1397,11.3
Rhode Island,RI,2006,1054,110,10.5
South Carolina,SC,2006,4224,474,11.2
South Dakota,SD,2006,770,82,10.7
Tennessee,TN,2006,5916,879,14.9
Texas,TX,2006,23208,3816,16.4
Utah,UT,2006,2536,235,9.3
Vermont,VT,2006,618,48,7.8
Virginia,VA,2006,7532,651,8.6
Washington,WA,2006,6310,502,8
West Virginia,WV,2006,1810,277,15.3
Wisconsin,WI,2006,5471,555,10.1
Wyoming,WY,2006,516,51,10
Alabama,AL,2005,4501,750,16.7
Alaska,AK,2005,657,66,10
Arizona,AZ,2005,6025,917,15.2
Arkansas,AR,2005,2756,382,13.8
California,CA,2005,35840,4716,13.2
Colorado,CO,2005,4629,530,11.4
Connecticut,CT,2005,3483,326,9.3
Delaware,DE,2005,842,78,9.2
D.C.,DC,2005,539,115,21.3
Florida,FL,2005,17845,1975,11.1
Georgia,GA,2005,9014,1298,14.4
Hawaii,HI,2005,1274,110,8.6
Idaho,ID,2005,1441,143,9.9
Illinois,IL,2005,12571,1441,11.5
Indiana,IN,2005,6131,774,12.6
Iowa,IA,2005,2902,327,11.3
Kansas,KS,2005,2693,337,12.5
Kentucky,KY,2005,4049,599,14.8
Louisiana,LA,2005,4086,748,18.3
Maine,ME,2005,1314,166,12.6
Maryland,MD,2005,5560,542,9.7
Massachusetts,MA,2005,6318,641,10.1
Michigan,MI,2005,9964,1196,12
Minnesota,MN,2005,5113,412,8.1
Mississippi,MS,2005,2843,571,20.1
Missouri,MO,2005,5697,659,11.6
Montana,MT,2005,926,128,13.8
Nebraska,NE,2005,1760,167,9.5
Nevada,NV,2005,2447,260,10.6
New Hampshire,NH,2005,1298,73,5.6
New Jersey,NJ,2005,8692,592,6.8
New Mexico,NM,2005,1938,347,17.9
New York,NY,2005,18995,2760,14.5
North Carolina,NC,2005,8538,1115,13.1
North Dakota,ND,2005,625,70,11.2
Ohio,OH,2005,11310,1392,12.3
Oklahoma,OK,2005,3486,543,15.6
Oregon,OR,2005,3619,436,12
Pennsylvania,PA,2005,12237,1372,11.2
Rhode Island,RI,2005,1052,127,12.1
South Carolina,SC,2005,4164,626,15
South Dakota,SD,2005,765,90,11.8
Tennessee,TN,2005,5853,872,14.9
Texas,TX,2005,22777,3681,16.2
Utah,UT,2005,2521,232,9.2
Vermont,VT,2005,621,47,7.6
Virginia,VA,2005,7442,684,9.2
Washington,WA,2005,6237,636,10.2
West Virginia,WV,2005,1795,276,15.4
Wisconsin,WI,2005,5440,553,10.2
Wyoming,WY,2005,509,54,10.6
Alabama,AL,2004,4508,762,16.9
Alaska,AK,2004,648,59,9.1
Arizona,AZ,2004,5763,830,14.4
Arkansas,AR,2004,2723,412,15.1
California,CA,2004,35772,4724,13.2
Colorado,CO,2004,4517,450,10
Connecticut,CT,2004,3487,352,10.1
Delaware,DE,2004,825,74,9
D.C.,DC,2004,545,93,17
Florida,FL,2004,17419,2028,11.6
Georgia,GA,2004,8700,1132,13
Hawaii,HI,2004,1244,106,8.6
Idaho,ID,2004,1372,136,9.9
Illinois,IL,2004,12563,1546,12.3
Indiana,IN,2004,6121,712,11.6
Iowa,IA,2004,2901,316,10.9
Kansas,KS,2004,2669,304,11.4
Kentucky,KY,2004,4068,723,17.8
Louisiana,LA,2004,4419,744,16.8
Maine,ME,2004,1290,149,11.6
Maryland,MD,2004,5539,550,9.9
Massachusetts,MA,2004,6363,594,9.3
Michigan,MI,2004,9939,1318,13.3
Minnesota,MN,2004,5120,356,7
Mississippi,MS,2004,2862,536,18.7
Missouri,MO,2004,5609,686,12.2
Montana,MT,2004,908,129,14.2
Nebraska,NE,2004,1724,163,9.5
Nevada,NV,2004,2385,260,10.9
New Hampshire,NH,2004,1291,71,5.5
New Jersey,NJ,2004,8652,693,8
New Mexico,NM,2004,1899,314,16.5
New York,NY,2004,19010,2847,15
North Carolina,NC,2004,8421,1229,14.6
North Dakota,ND,2004,627,61,9.7
Ohio,OH,2004,11259,1304,11.6
Oklahoma,OK,2004,3444,373,10.8
Oregon,OR,2004,3572,421,11.8
Pennsylvania,PA,2004,12142,1383,11.4
Rhode Island,RI,2004,1055,122,11.5
South Carolina,SC,2004,4120,615,14.9
South Dakota,SD,2004,751,102,13.5
Tennessee,TN,2004,5846,932,15.9
Texas,TX,2004,22288,3669,16.5
Utah,UT,2004,2390,241,10.1
Vermont,VT,2004,616,48,7.8
Virginia,VA,2004,7369,693,9.4
Washington,WA,2004,6116,700,11.4
West Virginia,WV,2004,1791,254,14.2
Wisconsin,WI,2004,5456,676,12.4
Wyoming,WY,2004,496,50,10
Alabama,AL,2003,4417,663,15
Alaska,AK,2003,643,62,9.6
Arizona,AZ,2003,5558,749,13.5
Arkansas,AR,2003,2670,474,17.8
California,CA,2003,35309,4634,13.1
Colorado,CO,2003,4478,436,9.7
Connecticut,CT,2003,3417,278,8.1
Delaware,DE,2003,818,60,7.3
D.C.,DC,2003,550,92,16.8
Florida,FL,2003,16884,2148,12.7
Georgia,GA,2003,8559,1014,11.9
Hawaii,HI,2003,1250,117,9.3
Idaho,ID,2003,1356,138,10.2
Illinois,IL,2003,12616,1592,12.6
Indiana,IN,2003,6130,610,9.9
Iowa,IA,2003,2916,260,8.9
Kansas,KS,2003,2676,288,10.8
Kentucky,KY,2003,4100,589,14.4
Louisiana,LA,2003,4422,750,17
Maine,ME,2003,1279,149,11.6
Maryland,MD,2003,5485,472,8.6
Massachusetts,MA,2003,6357,652,10.3
Michigan,MI,2003,9893,1125,11.4
Minnesota,MN,2003,5075,376,7.4
Mississippi,MS,2003,2851,456,16
Missouri,MO,2003,5606,602,10.7
Montana,MT,2003,915,139,15.1
Nebraska,NE,2003,1725,168,9.8
Nevada,NV,2003,2242,244,10.9
New Hampshire,NH,2003,1263,73,5.8
New Jersey,NJ,2003,8574,741,8.6
New Mexico,NM,2003,1867,338,18.1
New York,NY,2003,18922,2707,14.3
North Carolina,NC,2003,8223,1289,15.7
North Dakota,ND,2003,631,61,9.7
Ohio,OH,2003,11227,1226,10.9
Oklahoma,OK,2003,3430,440,12.8
Oregon,OR,2003,3560,446,12.5
Pennsylvania,PA,2003,12135,1279,10.5
Rhode Island,RI,2003,1051,121,11.5
South Carolina,SC,2003,4060,516,12.7
South Dakota,SD,2003,749,95,12.7
Tennessee,TN,2003,5901,829,14
Texas,TX,2003,21827,3705,17
Utah,UT,2003,2346,213,9.1
Vermont,VT,2003,610,52,8.5
Virginia,VA,2003,7367,740,10
Washington,WA,2003,6078,766,12.6
West Virginia,WV,2003,1785,310,17.4
Wisconsin,WI,2003,5412,528,9.8
Wyoming,WY,2003,487,48,9.8
Alabama,AL,2002,4432,640,14.5
Alaska,AK,2002,632,56,8.8
Arizona,AZ,2002,5424,735,13.5
Arkansas,AR,2002,2690,532,19.8
California,CA,2002,35068,4605,13.1
Colorado,CO,2002,4470,436,9.8
Connecticut,CT,2002,3377,279,8.3
Delaware,DE,2002,796,73,9.1
D.C.,DC,2002,570,97,17
Florida,FL,2002,16391,2058,12.6
Georgia,GA,2002,8413,939,11.2
Hawaii,HI,2002,1219,138,11.3
Idaho,ID,2002,1296,147,11.3
Illinois,IL,2002,12495,1594,12.8
Indiana,IN,2002,6086,552,9.1
Iowa,IA,2002,2899,267,9.2
Kansas,KS,2002,2681,269,10.1
Kentucky,KY,2002,4033,571,14.2
Louisiana,LA,2002,4445,777,17.5
Maine,ME,2002,1265,170,13.4
Maryland,MD,2002,5419,400,7.4
Massachusetts,MA,2002,6469,648,10
Michigan,MI,2002,9897,1152,11.6
Minnesota,MN,2002,5044,325,6.5
Mississippi,MS,2002,2785,513,18.4
Missouri,MO,2002,5581,551,9.9
Montana,MT,2002,902,122,13.5
Nebraska,NE,2002,1700,181,10.6
Nevada,NV,2002,2114,188,8.9
New Hampshire,NH,2002,1264,73,5.8
New Jersey,NJ,2002,8585,681,7.9
New Mexico,NM,2002,1837,328,17.9
New York,NY,2002,19224,2690,14
North Carolina,NC,2002,8146,1165,14.3
North Dakota,ND,2002,632,73,11.6
Ohio,OH,2002,11253,1099,9.8
Oklahoma,OK,2002,3473,489,14.1
Oregon,OR,2002,3503,380,10.9
Pennsylvania,PA,2002,12168,1152,9.5
Rhode Island,RI,2002,1055,116,11
South Carolina,SC,2002,3989,568,14.3
South Dakota,SD,2002,743,85,11.5
Tennessee,TN,2002,5655,839,14.8
Texas,TX,2002,21482,3362,15.6
Utah,UT,2002,2308,228,9.9
Vermont,VT,2002,616,61,9.9
Virginia,VA,2002,7108,702,9.9
Washington,WA,2002,5988,657,11
West Virginia,WV,2002,1747,293,16.8
Wisconsin,WI,2002,5463,467,8.6
Wyoming,WY,2002,488,44,9
Alabama,AL,2001,4378,696,15.9
Alaska,AK,2001,632,54,8.5
Arizona,AZ,2001,5314,778,14.6
Arkansas,AR,2001,2650,472,17.8
California,CA,2001,34394,4321,12.6
Colorado,CO,2001,4402,383,8.7
Connecticut,CT,2001,3385,249,7.3
Delaware,DE,2001,790,53,6.7
D.C.,DC,2001,554,101,18.2
Florida,FL,2001,16316,2077,12.7
Georgia,GA,2001,8261,1069,12.9
Hawaii,HI,2001,1205,138,11.4
Idaho,ID,2001,1314,151,11.5
Illinois,IL,2001,12314,1249,10.1
Indiana,IN,2001,6030,511,8.5
Iowa,IA,2001,2858,212,7.4
Kansas,KS,2001,2635,267,10.1
Kentucky,KY,2001,3989,503,12.6
Louisiana,LA,2001,4372,709,16.2
Maine,ME,2001,1277,132,10.3
Maryland,MD,2001,5318,385,7.2
Massachusetts,MA,2001,6302,561,8.9
Michigan,MI,2001,9880,927,9.4
Minnesota,MN,2001,4910,361,7.4
Mississippi,MS,2001,2794,539,19.3
Missouri,MO,2001,5513,537,9.7
Montana,MT,2001,891,119,13.3
Nebraska,NE,2001,1680,158,9.4
Nevada,NV,2001,2129,152,7.1
New Hampshire,NH,2001,1254,81,6.5
New Jersey,NJ,2001,8456,683,8.1
New Mexico,NM,2001,1795,323,18
New York,NY,2001,18783,2664,14.2
North Carolina,NC,2001,8084,1013,12.5
North Dakota,ND,2001,620,86,13.8
Ohio,OH,2001,11178,1174,10.5
Oklahoma,OK,2001,3372,508,15.1
Oregon,OR,2001,3446,408,11.8
Pennsylvania,PA,2001,12087,1158,9.6
Rhode Island,RI,2001,1043,100,9.6
South Carolina,SC,2001,3995,603,15.1
South Dakota,SD,2001,737,62,8.4
Tennessee,TN,2001,5670,802,14.1
Texas,TX,2001,21030,3129,14.9
Utah,UT,2001,2257,238,10.5
Vermont,VT,2001,605,59,9.7
Virginia,VA,2001,7080,564,8
Washington,WA,2001,5920,634,10.7
West Virginia,WV,2001,1769,291,16.4
Wisconsin,WI,2001,5323,423,7.9
Wyoming,WY,2001,487,42,8.7
Alabama,AL,2000,4376,583,13.3
Alaska,AK,2000,620,47,7.6
Arizona,AZ,2000,5181,607,11.7
Arkansas,AR,2000,2650,436,16.5
California,CA,2000,33889,4294,12.7
Colorado,CO,2000,4334,425,9.8
Connecticut,CT,2000,3365,258,7.7
Delaware,DE,2000,777,65,8.4
D.C.,DC,2000,552,84,15.2
Florida,FL,2000,15991,1754,11
Georgia,GA,2000,8112,982,12.1
Hawaii,HI,2000,1195,106,8.9
Idaho,ID,2000,1289,162,12.5
Illinois,IL,2000,12269,1307,10.7
Indiana,IN,2000,6007,513,8.5
Iowa,IA,2000,2858,237,8.3
Kansas,KS,2000,2649,213,8
Kentucky,KY,2000,3995,502,12.6
Louisiana,LA,2000,4354,750,17.2
Maine,ME,2000,1267,128,10.1
Maryland,MD,2000,5241,386,7.4
Massachusetts,MA,2000,6284,618,9.8
Michigan,MI,2000,9813,967,9.9
Minnesota,MN,2000,4890,276,5.7
Mississippi,MS,2000,2794,418,14.9
Missouri,MO,2000,5517,505,9.2
Montana,MT,2000,888,126,14.1
Nebraska,NE,2000,1679,145,8.6
Nevada,NV,2000,2045,180,8.8
New Hampshire,NH,2000,1231,56,4.5
New Jersey,NJ,2000,8384,612,7.3
New Mexico,NM,2000,1790,312,17.5
New York,NY,2000,18752,2604,13.9
North Carolina,NC,2000,7983,1000,12.5
North Dakota,ND,2000,622,65,10.4
Ohio,OH,2000,11160,1117,10
Oklahoma,OK,2000,3378,503,14.9
Oregon,OR,2000,3415,371,10.9
Pennsylvania,PA,2000,12044,1033,8.6
Rhode Island,RI,2000,1035,106,10.2
South Carolina,SC,2000,3964,441,11.1
South Dakota,SD,2000,737,79,10.7
Tennessee,TN,2000,5630,759,13.5
Texas,TX,2000,20695,3204,15.5
Utah,UT,2000,2239,170,7.6
Vermont,VT,2000,599,60,10
Virginia,VA,2000,6977,577,8.3
Washington,WA,2000,5863,634,10.8
West Virginia,WV,2000,1773,261,14.7
Wisconsin,WI,2000,5308,493,9.3
Wyoming,WY,2000,485,52,10.8
Alabama,AL,1999,4388,668,15.2
Alaska,AK,1999,630,48,7.6
Arizona,AZ,1999,5057,616,12.2
Arkansas,AR,1999,2616,384,14.7
California,CA,1999,33705,4733,14
Colorado,CO,1999,4319,366,8.5
Connecticut,CT,1999,3418,246,7.2
Delaware,DE,1999,768,80,10.4
D.C.,DC,1999,545,80,14.7
Florida,FL,1999,15566,1937,12.4
Georgia,GA,1999,7877,1011,12.8
Hawaii,HI,1999,1225,133,10.8
Idaho,ID,1999,1240,175,14.1
Illinois,IL,1999,12248,1215,9.9
Indiana,IN,1999,5914,396,6.7
Iowa,IA,1999,2856,210,7.4
Kansas,KS,1999,2605,320,12.3
Kentucky,KY,1999,3859,467,12.1
Louisiana,LA,1999,4289,823,19.2
Maine,ME,1999,1260,134,10.6
Maryland,MD,1999,5049,367,7.3
Massachusetts,MA,1999,6262,738,11.8
Michigan,MI,1999,10052,978,9.7
Minnesota,MN,1999,4868,354,7.3
Mississippi,MS,1999,2755,446,16.2
Missouri,MO,1999,5511,647,11.7
Montana,MT,1999,891,141,15.8
Nebraska,NE,1999,1683,184,11
Nevada,NV,1999,2033,229,11.3
New Hampshire,NH,1999,1255,96,7.6
New Jersey,NJ,1999,8232,646,7.8
New Mexico,NM,1999,1831,383,20.9
New York,NY,1999,18855,2676,14.2
North Carolina,NC,1999,7766,1069,13.8
North Dakota,ND,1999,621,81,13.1
Ohio,OH,1999,11223,1343,12
Oklahoma,OK,1999,3300,424,12.8
Oregon,OR,1999,3421,432,12.6
Pennsylvania,PA,1999,11948,1117,9.3
Rhode Island,RI,1999,1033,103,10
South Carolina,SC,1999,3800,445,11.7
South Dakota,SD,1999,709,55,7.7
Tennessee,TN,1999,5583,662,11.9
Texas,TX,1999,20173,3072,15.2
Utah,UT,1999,2194,126,5.7
Vermont,VT,1999,599,58,9.6
Virginia,VA,1999,6831,537,7.9
Washington,WA,1999,5698,545,9.6
West Virginia,WV,1999,1734,272,15.7
Wisconsin,WI,1999,5429,466,8.6
Wyoming,WY,1999,484,56,11.6
Alabama,AL,1998,4190,609,14.5
Alaska,AK,1998,641,60,9.4
Arizona,AZ,1998,4887,812,16.6
Arkansas,AR,1998,2559,377,14.7
California,CA,1998,33292,5118,15.4
Colorado,CO,1998,3966,363,9.2
Connecticut,CT,1998,3275,310,9.5
Delaware,DE,1998,781,80,10.3
D.C.,DC,1998,510,114,22.3
Florida,FL,1998,14629,1923,13.1
Georgia,GA,1998,7634,1034,13.5
Hawaii,HI,1998,1201,131,10.9
Idaho,ID,1998,1273,165,13
Illinois,IL,1998,12255,1234,10.1
Indiana,IN,1998,5830,547,9.4
Iowa,IA,1998,2834,257,9.1
Kansas,KS,1998,2615,250,9.6
Kentucky,KY,1998,3860,521,13.5
Louisiana,LA,1998,4305,821,19.1
Maine,ME,1998,1263,131,10.4
Maryland,MD,1998,5014,359,7.2
Massachusetts,MA,1998,6100,528,8.7
Michigan,MI,1998,10012,1097,11
Minnesota,MN,1998,4815,498,10.3
Mississippi,MS,1998,2758,486,17.6
Missouri,MO,1998,5399,531,9.8
Montana,MT,1998,922,153,16.6
Nebraska,NE,1998,1713,211,12.3
Nevada,NV,1998,1845,195,10.6
New Hampshire,NH,1998,1216,119,9.8
New Jersey,NJ,1998,8072,693,8.6
New Mexico,NM,1998,1823,371,20.4
New York,NY,1998,18370,3068,16.7
North Carolina,NC,1998,7412,1039,14
North Dakota,ND,1998,644,97,15.1
Ohio,OH,1998,11201,1253,11.2
Oklahoma,OK,1998,3251,458,14.1
Oregon,OR,1998,3352,503,15
Pennsylvania,PA,1998,11890,1338,11.3
Rhode Island,RI,1998,965,112,11.6
South Carolina,SC,1998,3851,527,13.7
South Dakota,SD,1998,710,77,10.8
Tennessee,TN,1998,5569,749,13.4
Texas,TX,1998,19889,2994,15.1
Utah,UT,1998,2106,190,9
Vermont,VT,1998,592,58,9.9
Virginia,VA,1998,6679,589,8.8
Washington,WA,1998,5729,512,8.9
West Virginia,WV,1998,1748,312,17.8
Wisconsin,WI,1998,5127,449,8.8
Wyoming,WY,1998,484,51,10.6
Alabama,AL,1997,4243,665,15.7
Alaska,AK,1997,640,56,8.8
Arizona,AZ,1997,4643,797,17.2
Arkansas,AR,1997,2621,515,19.7
California,CA,1997,32877,5459,16.6
Colorado,CO,1997,3921,320,8.2
Connecticut,CT,1997,3296,282,8.6
Delaware,DE,1997,749,72,9.6
D.C.,DC,1997,516,113,21.8
Florida,FL,1997,14354,2056,14.3
Georgia,GA,1997,7631,1109,14.5
Hawaii,HI,1997,1182,164,13.9
Idaho,ID,1997,1251,183,14.7
Illinois,IL,1997,12065,1349,11.2
Indiana,IN,1997,5849,515,8.8
Iowa,IA,1997,2820,270,9.6
Kansas,KS,1997,2583,250,9.7
Kentucky,KY,1997,3913,623,15.9
Louisiana,LA,1997,4241,691,16.3
Maine,ME,1997,1222,124,10.1
Maryland,MD,1997,5043,422,8.4
Massachusetts,MA,1997,5991,732,12.2
Michigan,MI,1997,9783,1006,10.3
Minnesota,MN,1997,4748,457,9.6
Mississippi,MS,1997,2731,455,16.7
Missouri,MO,1997,5315,627,11.8
Montana,MT,1997,892,139,15.6
Nebraska,NE,1997,1658,163,9.8
Nevada,NV,1997,1723,190,11
New Hampshire,NH,1997,1197,109,9.1
New Jersey,NJ,1997,7967,737,9.3
New Mexico,NM,1997,1823,387,21.2
New York,NY,1997,18103,2979,16.5
North Carolina,NC,1997,7345,839,11.4
North Dakota,ND,1997,638,87,13.6
Ohio,OH,1997,11212,1231,11
Oklahoma,OK,1997,3321,456,13.7
Oregon,OR,1997,3284,382,11.6
Pennsylvania,PA,1997,11904,1337,11.2
Rhode Island,RI,1997,943,120,12.7
South Carolina,SC,1997,3813,500,13.1
South Dakota,SD,1997,708,117,16.5
Tennessee,TN,1997,5536,791,14.3
Texas,TX,1997,19688,3297,16.7
Utah,UT,1997,2085,185,8.9
Vermont,VT,1997,580,54,9.3
Virginia,VA,1997,6747,858,12.7
Washington,WA,1997,5735,529,9.2
West Virginia,WV,1997,1742,286,16.4
Wisconsin,WI,1997,5120,422,8.2
Wyoming,WY,1997,490,66,13.5
Alabama,AL,1996,4258,595,14
Alaska,AK,1996,657,54,8.2
Arizona,AZ,1996,4786,980,20.5
Arkansas,AR,1996,2606,449,17.2
California,CA,1996,32305,5472,16.9
Colorado,CO,1996,3869,412,10.6
Connecticut,CT,1996,3341,392,11.7
Delaware,DE,1996,732,63,8.6
D.C.,DC,1996,538,130,24.1
Florida,FL,1996,14343,2037,14.2
Georgia,GA,1996,7390,1097,14.8
Hawaii,HI,1996,1172,142,12.1
Idaho,ID,1996,1185,140,11.9
Illinois,IL,1996,11810,1429,12.1
Indiana,IN,1996,5681,428,7.5
Iowa,IA,1996,2898,279,9.6
Kansas,KS,1996,2569,287,11.2
Kentucky,KY,1996,3877,658,17
Louisiana,LA,1996,4263,873,20.5
Maine,ME,1996,1203,135,11.2
Maryland,MD,1996,5085,522,10.3
Massachusetts,MA,1996,6150,622,10.1
Michigan,MI,1996,9572,1068,11.2
Minnesota,MN,1996,4690,458,9.8
Mississippi,MS,1996,2797,575,20.6
Missouri,MO,1996,5268,500,9.5
Montana,MT,1996,908,155,17
Nebraska,NE,1996,1666,169,10.2
Nevada,NV,1996,1634,133,8.1
New Hampshire,NH,1996,1142,73,6.4
New Jersey,NJ,1996,7858,726,9.2
New Mexico,NM,1996,1847,472,25.5
New York,NY,1996,18345,3058,16.7
North Carolina,NC,1996,7254,885,12.2
North Dakota,ND,1996,628,69,11
Ohio,OH,1996,11254,1424,12.7
Oklahoma,OK,1996,3344,556,16.6
Oregon,OR,1996,3234,382,11.8
Pennsylvania,PA,1996,11889,1374,11.6
Rhode Island,RI,1996,940,104,11
South Carolina,SC,1996,3698,482,13
South Dakota,SD,1996,701,82,11.8
Tennessee,TN,1996,5528,878,15.9
Texas,TX,1996,19184,3180,16.6
Utah,UT,1996,1998,153,7.7
Vermont,VT,1996,586,74,12.6
Virginia,VA,1996,6481,795,12.3
Washington,WA,1996,5620,666,11.9
West Virginia,WV,1996,1745,323,18.5
Wisconsin,WI,1996,5205,460,8.8
Wyoming,WY,1996,486,58,11.9
Alabama,AL,1995,4396,882,20.1
Alaska,AK,1995,630,45,7.1
Arizona,AZ,1995,4337,700,16.1
Arkansas,AR,1995,2532,376,14.9
California,CA,1995,32055,5342,16.7
Colorado,CO,1995,3793,335,8.8
Connecticut,CT,1995,3276,318,9.7
Delaware,DE,1995,713,74,10.3
D.C.,DC,1995,551,122,22.2
Florida,FL,1995,14306,2321,16.2
Georgia,GA,1995,7262,878,12.1
Hawaii,HI,1995,1187,122,10.3
Idaho,ID,1995,1154,167,14.5
Illinois,IL,1995,11761,1459,12.4
Indiana,IN,1995,5673,545,9.6
Iowa,IA,1995,2894,352,12.2
Kansas,KS,1995,2535,273,10.8
Kentucky,KY,1995,3876,572,14.7
Louisiana,LA,1995,4306,849,19.7
Maine,ME,1995,1225,138,11.2
Maryland,MD,1995,5133,520,10.1
Massachusetts,MA,1995,6065,665,11
Michigan,MI,1995,9637,1174,12.2
Minnesota,MN,1995,4628,427,9.2
Mississippi,MS,1995,2685,630,23.5
Missouri,MO,1995,5140,484,9.4
Montana,MT,1995,870,133,15.3
Nebraska,NE,1995,1648,159,9.6
Nevada,NV,1995,1558,173,11.1
New Hampshire,NH,1995,1139,60,5.3
New Jersey,NJ,1995,7879,617,7.8
New Mexico,NM,1995,1806,457,25.3
New York,NY,1995,18258,3020,16.5
North Carolina,NC,1995,6935,877,12.6
North Dakota,ND,1995,635,76,12
Ohio,OH,1995,11211,1285,11.5
Oklahoma,OK,1995,3204,548,17.1
Oregon,OR,1995,3208,360,11.2
Pennsylvania,PA,1995,12031,1464,12.2
Rhode Island,RI,1995,962,102,10.6
South Carolina,SC,1995,3741,744,19.9
South Dakota,SD,1995,713,103,14.5
Tennessee,TN,1995,5462,846,15.5
Texas,TX,1995,18761,3270,17.4
Utah,UT,1995,1999,168,8.4
Vermont,VT,1995,593,61,10.3
Virginia,VA,1995,6371,648,10.2
Washington,WA,1995,5424,677,12.5
West Virginia,WV,1995,1793,300,16.7
Wisconsin,WI,1995,5300,449,8.5
Wyoming,WY,1995,482,59,12.2
Alabama,AL,1994,4299,704,16.4
Alaska,AK,1994,592,61,10.2
Arizona,AZ,1994,4223,673,15.9
Arkansas,AR,1994,2414,369,15.3
California,CA,1994,31669,5658,17.9
Colorado,CO,1994,3736,335,9
Connecticut,CT,1994,3192,344,10.8
Delaware,DE,1994,681,57,8.3
D.C.,DC,1994,607,129,21.2
Florida,FL,1994,14258,2128,14.9
Georgia,GA,1994,7220,1012,14
Hawaii,HI,1994,1106,97,8.7
Idaho,ID,1994,1138,137,12
Illinois,IL,1994,11808,1464,12.4
Indiana,IN,1994,5967,816,13.7
Iowa,IA,1994,2815,302,10.7
Kansas,KS,1994,2522,375,14.9
Kentucky,KY,1994,3843,710,18.5
Louisiana,LA,1994,4351,1117,25.7
Maine,ME,1994,1201,113,9.4
Maryland,MD,1994,5045,541,10.7
Massachusetts,MA,1994,6005,585,9.7
Michigan,MI,1994,9519,1347,14.1
Minnesota,MN,1994,4486,523,11.7
Mississippi,MS,1994,2587,515,19.9
Missouri,MO,1994,5107,797,15.6
Montana,MT,1994,844,97,11.5
Nebraska,NE,1994,1648,146,8.8
Nevada,NV,1994,1521,168,11.1
New Hampshire,NH,1994,1131,87,7.7
New Jersey,NJ,1994,7920,730,9.2
New Mexico,NM,1994,1685,356,21.1
New York,NY,1994,18213,3097,17
North Carolina,NC,1994,6895,980,14.2
North Dakota,ND,1994,627,65,10.4
Ohio,OH,1994,11139,1571,14.1
Oklahoma,OK,1994,3232,540,16.7
Oregon,OR,1994,3152,373,11.8
Pennsylvania,PA,1994,11967,1496,12.5
Rhode Island,RI,1994,968,99,10.3
South Carolina,SC,1994,3633,501,13.8
South Dakota,SD,1994,737,107,14.5
Tennessee,TN,1994,5338,779,14.6
Texas,TX,1994,18894,3603,19.1
Utah,UT,1994,1926,154,8
Vermont,VT,1994,589,45,7.6
Virginia,VA,1994,6616,710,10.7
Washington,WA,1994,5259,614,11.7
West Virginia,WV,1994,1804,336,18.6
Wisconsin,WI,1994,5003,453,9
Wyoming,WY,1994,485,45,9.3
Alabama,AL,1993,4168,725,17.4
Alaska,AK,1993,570,52,9.1
Arizona,AZ,1993,4003,615,15.4
Arkansas,AR,1993,2421,484,20
California,CA,1993,31970,5803,18.2
Colorado,CO,1993,3564,354,9.9
Connecticut,CT,1993,3259,277,8.5
Delaware,DE,1993,711,73,10.2
D.C.,DC,1993,597,158,26.4
Florida,FL,1993,14118,2507,17.8
Georgia,GA,1993,6825,919,13.5
Hawaii,HI,1993,1135,91,8
Idaho,ID,1993,1145,150,13.1
Illinois,IL,1993,11725,1600,13.6
Indiana,IN,1993,5751,704,12.2
Iowa,IA,1993,2809,290,10.3
Kansas,KS,1993,2496,327,13.1
Kentucky,KY,1993,3740,763,20.4
Louisiana,LA,1993,4246,1119,26.4
Maine,ME,1993,1276,196,15.4
Maryland,MD,1993,4925,479,9.7
Massachusetts,MA,1993,5991,641,10.7
Michigan,MI,1993,9560,1475,15.4
Minnesota,MN,1993,4354,506,11.6
Mississippi,MS,1993,2584,639,24.7
Missouri,MO,1993,5185,832,16.1
Montana,MT,1993,850,127,14.9
Nebraska,NE,1993,1641,169,10.3
Nevada,NV,1993,1444,141,9.8
New Hampshire,NH,1993,1131,112,9.9
New Jersey,NJ,1993,7968,866,10.9
New Mexico,NM,1993,1623,282,17.4
New York,NY,1993,18218,2981,16.4
North Carolina,NC,1993,6732,966,14.4
North Dakota,ND,1993,625,70,11.2
Ohio,OH,1993,11264,1461,13
Oklahoma,OK,1993,3326,662,19.9
Oregon,OR,1993,3077,363,11.8
Pennsylvania,PA,1993,12073,1598,13.2
Rhode Island,RI,1993,969,108,11.2
South Carolina,SC,1993,3630,678,18.7
South Dakota,SD,1993,717,102,14.2
Tennessee,TN,1993,5092,998,19.6
Texas,TX,1993,18266,3177,17.4
Utah,UT,1993,1906,203,10.7
Vermont,VT,1993,588,59,10
Virginia,VA,1993,6470,627,9.7
Washington,WA,1993,5224,634,12.1
West Virginia,WV,1993,1803,400,22.2
Wisconsin,WI,1993,5033,636,12.6
Wyoming,WY,1993,481,64,13.3
Alabama,AL,1992,4226,729,17.3
Alaska,AK,1992,572,58,10.2
Arizona,AZ,1992,3851,607,15.8
Arkansas,AR,1992,2463,430,17.5
California,CA,1992,31701,5197,16.4
Colorado,CO,1992,3478,376,10.8
Connecticut,CT,1992,3272,321,9.8
Delaware,DE,1992,709,55,7.8
D.C.,DC,1992,591,120,20.3
Florida,FL,1992,13714,2139,15.6
Georgia,GA,1992,6664,1177,17.7
Hawaii,HI,1992,1187,133,11.2
Idaho,ID,1992,1095,166,15.2
Illinois,IL,1992,11892,1857,15.6
Indiana,IN,1992,5622,661,11.8
Iowa,IA,1992,2846,328,11.5
Kansas,KS,1992,2510,279,11.1
Kentucky,KY,1992,3720,731,19.7
Louisiana,LA,1992,4256,1043,24.5
Maine,ME,1992,1239,167,13.5
Maryland,MD,1992,4946,583,11.8
Massachusetts,MA,1992,5843,600,10.3
Michigan,MI,1992,9322,1271,13.6
Minnesota,MN,1992,4318,561,13
Mississippi,MS,1992,2725,671,24.6
Missouri,MO,1992,5062,795,15.7
Montana,MT,1992,855,118,13.8
Nebraska,NE,1992,1606,169,10.6
Nevada,NV,1992,1353,199,14.7
New Hampshire,NH,1992,1114,97,8.7
New Jersey,NJ,1992,7803,803,10.3
New Mexico,NM,1992,1611,348,21.6
New York,NY,1992,17975,2820,15.7
North Carolina,NC,1992,6813,1080,15.8
North Dakota,ND,1992,616,74,12.1
Ohio,OH,1992,11175,1398,12.5
Oklahoma,OK,1992,3269,607,18.6
Oregon,OR,1992,3039,346,11.4
Pennsylvania,PA,1992,12018,1425,11.9
Rhode Island,RI,1992,960,119,12.4
South Carolina,SC,1992,3675,697,19
South Dakota,SD,1992,705,106,15.1
Tennessee,TN,1992,5036,858,17
Texas,TX,1992,17921,3282,18.3
Utah,UT,1992,1830,172,9.4
Vermont,VT,1992,582,61,10.5
Virginia,VA,1992,6241,592,9.5
Washington,WA,1992,5138,574,11.2
West Virginia,WV,1992,1795,401,22.3
Wisconsin,WI,1992,5118,560,10.9
Wyoming,WY,1992,475,49,10.3
Alabama,AL,1991,4178,786,18.8
Alaska,AK,1991,525,62,11.8
Arizona,AZ,1991,3603,532,14.8
Arkansas,AR,1991,2450,425,17.3
California,CA,1991,30735,4825,15.7
Colorado,CO,1991,3319,347,10.4
Connecticut,CT,1991,3341,287,8.6
Delaware,DE,1991,709,53,7.5
D.C.,DC,1991,530,98,18.6
Florida,FL,1991,13412,2069,15.4
Georgia,GA,1991,6265,1077,17.2
Hawaii,HI,1991,1164,90,7.7
Idaho,ID,1991,1035,144,13.9
Illinois,IL,1991,11800,1598,13.5
Indiana,IN,1991,5533,866,15.7
Iowa,IA,1991,2821,271,9.6
Kansas,KS,1991,2580,317,12.3
Kentucky,KY,1991,3640,683,18.8
Louisiana,LA,1991,4185,795,19
Maine,ME,1991,1213,171,14.1
Maryland,MD,1991,4767,432,9.1
Massachusetts,MA,1991,5803,637,11
Michigan,MI,1991,9263,1308,14.1
Minnesota,MN,1991,4384,564,12.9
Mississippi,MS,1991,2681,635,23.7
Missouri,MO,1991,4993,740,14.8
Montana,MT,1991,822,127,15.4
Nebraska,NE,1991,1661,157,9.5
Nevada,NV,1991,1237,141,11.4
New Hampshire,NH,1991,1107,81,7.3
New Jersey,NJ,1991,7736,754,9.7
New Mexico,NM,1991,1554,349,22.4
New York,NY,1991,17914,2736,15.3
North Carolina,NC,1991,6641,964,14.5
North Dakota,ND,1991,635,92,14.5
Ohio,OH,1991,11061,1488,13.4
Oklahoma,OK,1991,3173,541,17
Oregon,OR,1991,2967,401,13.5
Pennsylvania,PA,1991,12147,1340,11
Rhode Island,RI,1991,949,99,10.4
South Carolina,SC,1991,3538,582,16.4
South Dakota,SD,1991,689,96,14
Tennessee,TN,1991,4787,744,15.5
Texas,TX,1991,16964,2965,17.5
Utah,UT,1991,1717,222,12.9
Vermont,VT,1991,579,73,12.6
Virginia,VA,1991,6144,608,9.9
Washington,WA,1991,4989,474,9.5
West Virginia,WV,1991,1830,327,17.9
Wisconsin,WI,1991,4952,492,9.9
Wyoming,WY,1991,470,47,9.9
Alabama,AL,1990,4063,779,19.2
Alaska,AK,1990,499,57,11.4
Arizona,AZ,1990,3521,484,13.7
Arkansas,AR,1990,2411,472,19.6
California,CA,1990,29765,4128,13.9
Colorado,CO,1990,3367,461,13.7
Connecticut,CT,1990,3265,196,6
Delaware,DE,1990,690,48,6.9
D.C.,DC,1990,570,120,21.1
Florida,FL,1990,13179,1896,14.4
Georgia,GA,1990,6349,1001,15.8
Hawaii,HI,1990,1100,121,11
Idaho,ID,1990,1048,157,14.9
Illinois,IL,1990,11696,1606,13.7
Indiana,IN,1990,5480,714,13
Iowa,IA,1990,2784,289,10.4
Kansas,KS,1990,2510,259,10.3
Kentucky,KY,1990,3620,628,17.3
Louisiana,LA,1990,4034,952,23.6
Maine,ME,1990,1231,162,13.1
Maryland,MD,1990,4727,468,9.9
Massachusetts,MA,1990,5832,626,10.7
Michigan,MI,1990,9187,1315,14.3
Minnesota,MN,1990,4366,524,12
Mississippi,MS,1990,2663,684,25.7
Missouri,MO,1990,5238,700,13.4
Montana,MT,1990,820,134,16.3
Nebraska,NE,1990,1617,167,10.3
Nevada,NV,1990,1218,119,9.8
New Hampshire,NH,1990,1085,68,6.3
New Jersey,NJ,1990,7741,711,9.2
New Mexico,NM,1990,1524,319,20.9
New York,NY,1990,18038,2571,14.3
North Carolina,NC,1990,6377,829,13
North Dakota,ND,1990,635,87,13.7
Ohio,OH,1990,10890,1256,11.5
Oklahoma,OK,1990,3091,481,15.6
Oregon,OR,1990,2891,267,9.2
Pennsylvania,PA,1990,12097,1328,11
Rhode Island,RI,1990,946,71,7.5
South Carolina,SC,1990,3391,548,16.2
South Dakota,SD,1990,696,93,13.3
Tennessee,TN,1990,4927,833,16.9
Texas,TX,1990,16873,2684,15.9
Utah,UT,1990,1739,143,8.2
Vermont,VT,1990,564,61,10.9
Virginia,VA,1990,6322,705,11.1
Washington,WA,1990,4880,434,8.9
West Virginia,WV,1990,1810,328,18.1
Wisconsin,WI,1990,4815,448,9.3
Wyoming,WY,1990,463,51,11
Alabama,AL,1989,4074,770,18.9
Alaska,AK,1989,488,51,10.5
Arizona,AZ,1989,3556,502,14.1
Arkansas,AR,1989,2419,442,18.3
California,CA,1989,29346,3772,12.9
Colorado,CO,1989,3258,393,12.1
Connecticut,CT,1989,3136,90,2.9
Delaware,DE,1989,676,68,10
D.C.,DC,1989,569,102,18
Florida,FL,1989,12762,1590,12.5
Georgia,GA,1989,6197,929,15
Hawaii,HI,1989,1086,122,11.3
Idaho,ID,1989,1014,126,12.4
Illinois,IL,1989,11559,1470,12.7
Indiana,IN,1989,5453,749,13.7
Iowa,IA,1989,2835,291,10.3
Kansas,KS,1989,2434,262,10.8
Kentucky,KY,1989,3576,576,16.1
Louisiana,LA,1989,4080,950,23.3
Maine,ME,1989,1233,128,10.4
Maryland,MD,1989,4567,411,9
Massachusetts,MA,1989,5831,513,8.8
Michigan,MI,1989,9297,1228,13.2
Minnesota,MN,1989,4268,478,11.2
Mississippi,MS,1989,2574,566,22
Missouri,MO,1989,5193,654,12.6
Montana,MT,1989,816,127,15.6
Nebraska,NE,1989,1602,204,12.8
Nevada,NV,1989,1127,121,10.8
New Hampshire,NH,1989,1100,84,7.7
New Jersey,NJ,1989,7623,622,8.2
New Mexico,NM,1989,1519,297,19.5
New York,NY,1989,17938,2254,12.6
North Carolina,NC,1989,6301,770,12.2
North Dakota,ND,1989,642,79,12.2
Ohio,OH,1989,10754,1143,10.6
Oklahoma,OK,1989,3126,460,14.7
Oregon,OR,1989,2915,327,11.2
Pennsylvania,PA,1989,12141,1261,10.4
Rhode Island,RI,1989,963,64,6.7
South Carolina,SC,1989,3446,585,17
South Dakota,SD,1989,696,92,13.2
Tennessee,TN,1989,4833,891,18.4
Texas,TX,1989,16886,2880,17.1
Utah,UT,1989,1683,138,8.2
Vermont,VT,1989,556,44,8
Virginia,VA,1989,6159,671,10.9
Washington,WA,1989,4729,455,9.6
West Virginia,WV,1989,1799,283,15.7
Wisconsin,WI,1989,4694,393,8.4
Wyoming,WY,1989,462,50,10.9
Alabama,AL,1988,4015,775,19.3
Alaska,AK,1988,480,53,11
Arizona,AZ,1988,3491,491,14.1
Arkansas,AR,1988,2446,527,21.6
California,CA,1988,27855,3687,13.2
Colorado,CO,1988,3237,405,12.5
Connecticut,CT,1988,3199,128,4
Delaware,DE,1988,659,57,8.6
D.C.,DC,1988,579,88,15.2
Florida,FL,1988,12497,1704,13.6
Georgia,GA,1988,6230,875,14
Hawaii,HI,1988,1051,117,11.1
Idaho,ID,1988,991,124,12.5
Illinois,IL,1988,11344,1436,12.7
Indiana,IN,1988,5530,560,10.1
Iowa,IA,1988,2814,263,9.4
Kansas,KS,1988,2399,195,8.1
Kentucky,KY,1988,3605,634,17.6
Louisiana,LA,1988,4249,968,22.8
Maine,ME,1988,1201,159,13.2
Maryland,MD,1988,4650,457,9.8
Massachusetts,MA,1988,5861,497,8.5
Michigan,MI,1988,9223,1112,12.1
Minnesota,MN,1988,4421,514,11.6
Mississippi,MS,1988,2588,704,27.2
Missouri,MO,1988,5201,662,12.7
Montana,MT,1988,795,116,14.6
Nebraska,NE,1988,1600,164,10.3
Nevada,NV,1988,1084,93,8.6
New Hampshire,NH,1988,1089,73,6.7
New Jersey,NJ,1988,7628,475,6.2
New Mexico,NM,1988,1495,343,23
New York,NY,1988,17635,2369,13.4
North Carolina,NC,1988,6312,796,12.6
North Dakota,ND,1988,654,76,11.6
Ohio,OH,1988,10903,1356,12.4
Oklahoma,OK,1988,3146,543,17.3
Oregon,OR,1988,2727,285,10.4
Pennsylvania,PA,1988,12120,1246,10.3
Rhode Island,RI,1988,1008,99,9.8
South Carolina,SC,1988,3405,528,15.5
South Dakota,SD,1988,707,101,14.2
Tennessee,TN,1988,4901,883,18
Texas,TX,1988,16686,3006,18
Utah,UT,1988,1662,162,9.8
Vermont,VT,1988,532,43,8.1
Virginia,VA,1988,5970,647,10.8
Washington,WA,1988,4625,402,8.7
West Virginia,WV,1988,1880,337,17.9
Wisconsin,WI,1988,4696,364,7.8
Wyoming,WY,1988,454,43,9.6
Alabama,AL,1987,3989,851,21.3
Alaska,AK,1987,499,60,12
Arizona,AZ,1987,3459,444,12.8
Arkansas,AR,1987,2468,537,21.8
California,CA,1987,27877,3443,12.3
Colorado,CO,1987,3184,398,12.5
Connecticut,CT,1987,3127,207,6.6
Delaware,DE,1987,637,42,6.6
D.C.,DC,1987,587,88,14.9
Florida,FL,1987,12262,1523,12.4
Georgia,GA,1987,6049,883,14.6
Hawaii,HI,1987,1086,95,8.8
Idaho,ID,1987,991,150,15.1
Illinois,IL,1987,11503,1655,14.4
Indiana,IN,1987,5398,597,11.1
Iowa,IA,1987,2892,419,14.5
Kansas,KS,1987,2435,225,9.2
Kentucky,KY,1987,3666,634,17.3
Louisiana,LA,1987,4268,1071,25.1
Maine,ME,1987,1144,134,11.7
Maryland,MD,1987,4558,420,9.2
Massachusetts,MA,1987,5845,477,8.2
Michigan,MI,1987,8973,1095,12.2
Minnesota,MN,1987,4294,484,11.3
Mississippi,MS,1987,2553,637,25
Missouri,MO,1987,5100,716,14
Montana,MT,1987,798,144,18
Nebraska,NE,1987,1610,191,11.9
Nevada,NV,1987,1026,107,10.4
New Hampshire,NH,1987,1054,51,4.8
New Jersey,NJ,1987,7503,626,8.3
New Mexico,NM,1987,1443,280,19.4
New York,NY,1987,17470,2506,14.3
North Carolina,NC,1987,6183,853,13.8
North Dakota,ND,1987,655,75,11.4
Ohio,OH,1987,10799,1375,12.7
Oklahoma,OK,1987,3209,547,17
Oregon,OR,1987,2709,384,14.2
Pennsylvania,PA,1987,11770,1249,10.6
Rhode Island,RI,1987,974,79,8.1
South Carolina,SC,1987,3274,512,15.6
South Dakota,SD,1987,714,109,15.2
Tennessee,TN,1987,4679,792,16.9
Texas,TX,1987,16607,2917,17.6
Utah,UT,1987,1689,173,10.2
Vermont,VT,1987,534,50,9.3
Virginia,VA,1987,5871,583,9.9
Washington,WA,1987,4489,450,10
West Virginia,WV,1987,1889,408,21.6
Wisconsin,WI,1987,4738,428,9
Wyoming,WY,1987,451,49,10.8
Alabama,AL,1986,4025,959,23.8
Alaska,AK,1986,517,59,11.4
Arizona,AZ,1986,3386,484,14.3
Arkansas,AR,1986,2342,499,21.3
California,CA,1986,27082,3453,12.7
Colorado,CO,1986,3157,426,13.5
Connecticut,CT,1986,3125,186,6
Delaware,DE,1986,639,79,12.4
D.C.,DC,1986,602,77,12.8
Florida,FL,1986,11779,1342,11.4
Georgia,GA,1986,6023,879,14.6
Hawaii,HI,1986,1024,109,10.7
Idaho,ID,1986,973,180,18.5
Illinois,IL,1986,11445,1517,13.3
Indiana,IN,1986,5312,674,12.7
Iowa,IA,1986,2907,376,12.9
Kansas,KS,1986,2433,269,11.1
Kentucky,KY,1986,3560,630,17.7
Louisiana,LA,1986,4338,953,22
Maine,ME,1986,1127,115,10.2
Maryland,MD,1986,4504,414,9.2
Massachusetts,MA,1986,5846,538,9.2
Michigan,MI,1986,9112,1267,13.9
Minnesota,MN,1986,4131,517,12.5
Mississippi,MS,1986,2610,695,26.6
Missouri,MO,1986,4998,722,14.4
Montana,MT,1986,823,136,16.5
Nebraska,NE,1986,1617,220,13.6
Nevada,NV,1986,1010,82,8.1
New Hampshire,NH,1986,1002,37,3.7
New Jersey,NJ,1986,7624,679,8.9
New Mexico,NM,1986,1434,306,21.3
New York,NY,1986,17585,2322,13.2
North Carolina,NC,1986,6178,884,14.3
North Dakota,ND,1986,651,88,13.5
Ohio,OH,1986,10703,1372,12.8
Oklahoma,OK,1986,3184,469,14.7
Oregon,OR,1986,2702,332,12.3
Pennsylvania,PA,1986,11782,1190,10.1
Rhode Island,RI,1986,953,87,9.1
South Carolina,SC,1986,3288,569,17.3
South Dakota,SD,1986,697,118,17
Tennessee,TN,1986,4650,853,18.3
Texas,TX,1986,16371,2825,17.3
Utah,UT,1986,1659,209,12.6
Vermont,VT,1986,529,58,11
Virginia,VA,1986,5624,547,9.7
Washington,WA,1986,4369,563,12.9
West Virginia,WV,1986,1927,432,22.4
Wisconsin,WI,1986,4697,501,10.7
Wyoming,WY,1986,496,73,14.6
Alabama,AL,1985,3981,821,20.6
Alaska,AK,1985,510,45,8.7
Arizona,AZ,1985,3227,345,10.7
Arkansas,AR,1985,2364,541,22.9
California,CA,1985,26456,3596,13.6
Colorado,CO,1985,3176,324,10.2
Connecticut,CT,1985,3111,237,7.6
Delaware,DE,1985,624,71,11.4
D.C.,DC,1985,603,123,20.4
Florida,FL,1985,11537,1551,13.4
Georgia,GA,1985,5867,1037,17.7
Hawaii,HI,1985,1018,109,10.7
Idaho,ID,1985,996,159,16
Illinois,IL,1985,11743,1830,15.6
Indiana,IN,1985,5302,639,12
Iowa,IA,1985,2815,505,17.9
Kansas,KS,1985,2395,331,13.8
Kentucky,KY,1985,3650,708,19.4
Louisiana,LA,1985,4322,781,18.1
Maine,ME,1985,1129,134,11.9
Maryland,MD,1985,4209,364,8.7
Massachusetts,MA,1985,5899,544,9.2
Michigan,MI,1985,9051,1308,14.5
Minnesota,MN,1985,4146,523,12.6
Mississippi,MS,1985,2564,644,25.1
Missouri,MO,1985,5011,689,13.7
Montana,MT,1985,835,134,16
Nebraska,NE,1985,1589,235,14.8
Nevada,NV,1985,968,139,14.4
New Hampshire,NH,1985,988,59,6
New Jersey,NJ,1985,7608,631,8.3
New Mexico,NM,1985,1447,267,18.5
New York,NY,1985,17668,2796,15.8
North Carolina,NC,1985,6073,863,14.2
North Dakota,ND,1985,681,108,15.9
Ohio,OH,1985,10629,1359,12.8
Oklahoma,OK,1985,3280,526,16
Oregon,OR,1985,2671,317,11.9
Pennsylvania,PA,1985,11554,1217,10.5
Rhode Island,RI,1985,933,84,9
South Carolina,SC,1985,3219,489,15.2
South Dakota,SD,1985,689,119,17.3
Tennessee,TN,1985,4619,837,18.1
Texas,TX,1985,16231,2582,15.9
Utah,UT,1985,1652,180,10.9
Vermont,VT,1985,524,48,9.2
Virginia,VA,1985,5567,558,10
Washington,WA,1985,4371,526,12
West Virginia,WV,1985,1894,423,22.3
Wisconsin,WI,1985,4693,544,11.6
Wyoming,WY,1985,506,61,12
Alabama,AL,1984,3875,738,19.1
Alaska,AK,1984,507,49,9.6
Arizona,AZ,1984,3133,569,18.2
Arkansas,AR,1984,2364,564,23.9
California,CA,1984,25596,3375,13.2
Colorado,CO,1984,3067,274,8.9
Connecticut,CT,1984,3152,218,6.9
Delaware,DE,1984,611,63,10.3
D.C.,DC,1984,607,128,21.1
Florida,FL,1984,11194,1693,15.1
Georgia,GA,1984,5822,981,16.9
Hawaii,HI,1984,997,92,9.3
Idaho,ID,1984,992,171,17.3
Illinois,IL,1984,11649,1753,15
Indiana,IN,1984,5419,697,12.9
Iowa,IA,1984,2876,419,14.6
Kansas,KS,1984,2420,260,10.7
Kentucky,KY,1984,3721,709,19.1
Louisiana,LA,1984,4304,888,20.6
Maine,ME,1984,1167,152,13
Maryland,MD,1984,4106,358,8.7
Massachusetts,MA,1984,5845,519,8.9
Michigan,MI,1984,8962,1495,16.7
Minnesota,MN,1984,4164,381,9.1
Mississippi,MS,1984,2504,628,25.1
Missouri,MO,1984,4958,720,14.5
Montana,MT,1984,836,115,13.8
Nebraska,NE,1984,1608,213,13.3
Nevada,NV,1984,962,101,10.5
New Hampshire,NH,1984,958,68,7.1
New Jersey,NJ,1984,7511,758,10.1
New Mexico,NM,1984,1437,280,19.5
New York,NY,1984,17560,2806,16
North Carolina,NC,1984,5900,860,14.6
North Dakota,ND,1984,683,106,15.4
Ohio,OH,1984,10619,1429,13.5
Oklahoma,OK,1984,3200,426,13.3
Oregon,OR,1984,2593,331,12.8
Pennsylvania,PA,1984,11722,1825,15.6
Rhode Island,RI,1984,946,121,12.8
South Carolina,SC,1984,3258,561,17.2
South Dakota,SD,1984,691,100,14.5
Tennessee,TN,1984,4603,800,17.4
Texas,TX,1984,15639,2448,15.7
Utah,UT,1984,1647,183,11.1
Vermont,VT,1984,514,65,12.6
Virginia,VA,1984,5563,554,10
Washington,WA,1984,4242,479,11.3
West Virginia,WV,1984,1922,392,20.4
Wisconsin,WI,1984,4698,730,15.5
Wyoming,WY,1984,488,53,10.9
Alabama,AL,1983,3950,909,23
Alaska,AK,1983,486,61,12.6
Arizona,AZ,1983,2875,469,16.3
Arkansas,AR,1983,2283,492,21.5
California,CA,1983,25169,3755,14.9
Colorado,CO,1983,3083,390,12.6
Connecticut,CT,1983,3149,276,8.8
Delaware,DE,1983,602,52,8.6
D.C.,DC,1983,604,130,21.5
Florida,FL,1983,10850,1595,14.7
Georgia,GA,1983,5581,1050,18.8
Hawaii,HI,1983,998,129,12.9
Idaho,ID,1983,980,174,17.7
Illinois,IL,1983,11345,1617,14.3
Indiana,IN,1983,5382,865,16.1
Iowa,IA,1983,2828,473,16.7
Kansas,KS,1983,2369,321,13.6
Kentucky,KY,1983,3752,670,17.9
Louisiana,LA,1983,4360,939,21.5
Maine,ME,1983,1157,144,12.4
Maryland,MD,1983,4112,358,8.7
Massachusetts,MA,1983,5731,443,7.7
Michigan,MI,1983,9056,1518,16.8
Minnesota,MN,1983,4138,502,12.1
Mississippi,MS,1983,2481,669,27
Missouri,MO,1983,4837,807,16.7
Montana,MT,1983,810,125,15.4
Nebraska,NE,1983,1577,240,15.2
Nevada,NV,1983,885,86,9.7
New Hampshire,NH,1983,938,76,8.1
New Jersey,NJ,1983,7451,828,11.1
New Mexico,NM,1983,1385,340,24.5
New York,NY,1983,17576,2817,16
North Carolina,NC,1983,5890,933,15.8
North Dakota,ND,1983,685,103,15
Ohio,OH,1983,10681,1434,13.4
Oklahoma,OK,1983,3259,553,17
Oregon,OR,1983,2597,419,16.1
Pennsylvania,PA,1983,11640,1797,15.4
Rhode Island,RI,1983,971,141,14.5
South Carolina,SC,1983,3295,687,20.8
South Dakota,SD,1983,689,127,18.4
Tennessee,TN,1983,4663,933,20
Texas,TX,1983,15587,2499,16
Utah,UT,1983,1591,214,13.5
Vermont,VT,1983,531,83,15.6
Virginia,VA,1983,5448,618,11.3
Washington,WA,1983,4274,460,10.8
West Virginia,WV,1983,1898,419,22.1
Wisconsin,WI,1983,4736,504,10.7
Wyoming,WY,1983,486,61,12.6
Alabama,AL,1982,3937,849,21.6
Alaska,AK,1982,432,46,10.6
Arizona,AZ,1982,2765,408,14.8
Arkansas,AR,1982,2219,527,23.8
California,CA,1982,24613,3475,14.1
Colorado,CO,1982,3064,387,12.6
Connecticut,CT,1982,3126,254,8.1
Delaware,DE,1982,611,70,11.5
D.C.,DC,1982,609,117,19.3
Florida,FL,1982,10514,1601,15.2
Georgia,GA,1982,5472,1074,19.6
Hawaii,HI,1982,997,132,13.2
Idaho,ID,1982,967,151,15.6
Illinois,IL,1982,11284,1512,13.4
Indiana,IN,1982,5415,683,12.6
Iowa,IA,1982,2770,371,13.4
Kansas,KS,1982,2365,247,10.4
Kentucky,KY,1982,3618,587,16.2
Louisiana,LA,1982,4299,976,22.7
Maine,ME,1982,1133,156,13.7
Maryland,MD,1982,4190,516,12.3
Massachusetts,MA,1982,5748,590,10.3
Michigan,MI,1982,9117,1481,16.2
Minnesota,MN,1982,4120,546,13.3
Mississippi,MS,1982,2454,562,22.9
Missouri,MO,1982,4798,699,14.6
Montana,MT,1982,793,134,17
Nebraska,NE,1982,1582,216,13.6
Nevada,NV,1982,897,70,7.8
New Hampshire,NH,1982,943,97,10.3
New Jersey,NJ,1982,7367,896,12.2
New Mexico,NM,1982,1355,303,22.4
New York,NY,1982,17656,2607,14.8
North Carolina,NC,1982,5928,1201,20.3
North Dakota,ND,1982,658,85,12.9
Ohio,OH,1982,10711,1366,12.8
Oklahoma,OK,1982,3111,478,15.4
Oregon,OR,1982,2557,354,13.9
Pennsylvania,PA,1982,11619,1572,13.5
Rhode Island,RI,1982,942,125,13.3
South Carolina,SC,1982,3301,701,21.2
South Dakota,SD,1982,677,114,16.8
Tennessee,TN,1982,4679,1106,23.6
Texas,TX,1982,15153,2450,16.2
Utah,UT,1982,1575,229,14.5
Vermont,VT,1982,519,67,12.9
Virginia,VA,1982,5329,668,12.5
Washington,WA,1982,4259,549,12.9
West Virginia,WV,1982,1951,484,24.8
Wisconsin,WI,1982,4733,452,9.5
Wyoming,WY,1982,481,58,12
Alabama,AL,1981,3878,935,24.1
Alaska,AK,1981,403,36,9
Arizona,AZ,1981,2751,323,11.7
Arkansas,AR,1981,2247,541,24.1
California,CA,1981,24112,3216,13.3
Colorado,CO,1981,2958,285,9.6
Connecticut,CT,1981,3084,254,8.2
Delaware,DE,1981,587,72,12.3
D.C.,DC,1981,612,111,18.1
Florida,FL,1981,10277,1704,16.6
Georgia,GA,1981,5415,881,16.3
Hawaii,HI,1981,953,108,11.3
Idaho,ID,1981,962,171,17.7
Illinois,IL,1981,11338,1371,12.1
Indiana,IN,1981,5431,685,12.6
Iowa,IA,1981,2815,368,13.1
Kansas,KS,1981,2282,267,11.7
Kentucky,KY,1981,3668,708,19.3
Louisiana,LA,1981,4262,938,22
Maine,ME,1981,1116,179,16
Maryland,MD,1981,4123,442,10.7
Massachusetts,MA,1981,5804,518,8.9
Michigan,MI,1981,9096,1184,13
Minnesota,MN,1981,4034,438,10.9
Mississippi,MS,1981,2408,618,25.7
Missouri,MO,1981,4814,634,13.2
Montana,MT,1981,813,107,13.1
Nebraska,NE,1981,1579,221,14
Nevada,NV,1981,884,93,10.5
New Hampshire,NH,1981,929,70,7.6
New Jersey,NJ,1981,7331,736,10
New Mexico,NM,1981,1303,243,18.6
New York,NY,1981,17471,2516,14.4
North Carolina,NC,1981,5820,1016,17.5
North Dakota,ND,1981,626,89,14.2
Ohio,OH,1981,10751,1369,12.7
Oklahoma,OK,1981,2985,413,13.8
Oregon,OR,1981,2693,331,12.3
Pennsylvania,PA,1981,11738,1367,11.6
Rhode Island,RI,1981,936,109,11.7
South Carolina,SC,1981,3347,615,18.4
South Dakota,SD,1981,675,132,19.5
Tennessee,TN,1981,4502,943,20.9
Texas,TX,1981,14641,2258,15.4
Utah,UT,1981,1516,185,12.2
Vermont,VT,1981,535,66,12.3
Virginia,VA,1981,5257,662,12.6
Washington,WA,1981,4168,471,11.3
West Virginia,WV,1981,2003,398,19.9
Wisconsin,WI,1981,4741,384,8.1
Wyoming,WY,1981,482,43,8.9
Alabama,AL,1980,3831,810,21.2
Alaska,AK,1980,379,36,9.6
Arizona,AZ,1980,2774,354,12.8
Arkansas,AR,1980,2249,484,21.5
California,CA,1980,23748,2619,11
Colorado,CO,1980,2869,247,8.6
Connecticut,CT,1980,3090,255,8.3
Delaware,DE,1980,578,68,11.8
D.C.,DC,1980,626,131,20.9
Florida,FL,1980,10100,1692,16.7
Georgia,GA,1980,5243,727,13.9
Hawaii,HI,1980,954,81,8.5
Idaho,ID,1980,934,138,14.7
Illinois,IL,1980,11259,1386,12.3
Indiana,IN,1980,5490,645,11.8
Iowa,IA,1980,2868,311,10.8
Kansas,KS,1980,2286,215,9.4
Kentucky,KY,1980,3641,701,19.3
Louisiana,LA,1980,4273,868,20.3
Maine,ME,1980,1077,158,14.6
Maryland,MD,1980,4104,389,9.5
Massachusetts,MA,1980,5725,542,9.5
Michigan,MI,1980,9227,1194,12.9
Minnesota,MN,1980,3920,342,8.7
Mississippi,MS,1980,2429,591,24.3
Missouri,MO,1980,4800,625,13
Montana,MT,1980,774,102,13.2
Nebraska,NE,1980,1532,199,13
Nevada,NV,1980,840,70,8.3
New Hampshire,NH,1980,907,63,7
New Jersey,NJ,1980,7316,659,9
New Mexico,NM,1980,1304,268,20.6
New York,NY,1980,17321,2391,13.8
North Carolina,NC,1980,5836,877,15
North Dakota,ND,1980,640,99,15.5
Ohio,OH,1980,10630,1046,9.8
Oklahoma,OK,1980,2916,406,13.9
Oregon,OR,1980,2684,309,11.5
Pennsylvania,PA,1980,11665,1142,9.8
Rhode Island,RI,1980,911,97,10.7
South Carolina,SC,1980,3174,534,16.8
South Dakota,SD,1980,677,127,18.8
Tennessee,TN,1980,4519,884,19.6
Texas,TX,1980,14326,2247,15.7
Utah,UT,1980,1488,148,10
Vermont,VT,1980,520,62,12
Virginia,VA,1980,5204,647,12.4
Washington,WA,1980,4223,538,12.7
West Virginia,WV,1980,1952,297,15.2
Wisconsin,WI,1980,4724,403,8.5
Wyoming,WY,1980,468,49,10.4